RoundNumber,mae,rmse,n
20,0.5632189933876044,0.8040156739979385,1052
24,0.8731392600847876,2.3456889708390465,951
19,0.8742043356165028,1.1896130053034968,921
18,1.1873611400466146,1.4801631902766255,1117
17,1.2131405380707736,2.448304446248483,906
23,1.9135045774728108,2.223062997758581,701
22,2.275006146403243,2.649273529163281,852
21,3.3298052844289856,3.9683338815683675,954
