RoundNumber,mae,rmse,n
19,0.7591280860485101,1.1549642193621845,921
24,0.9820142707233774,1.7547542369008824,951
17,1.119868211920259,2.2654309411062323,906
20,2.5947524459234526,2.71554018484093,1052
23,4.481413953777013,4.613879363694294,701
18,4.821388729790205,5.044088739586489,1117
22,5.792085743522689,5.894358376754789,852
21,9.480012589753684,9.73545364911488,954
