Stint,mae,rmse,n
2.0,2.8095606863646396,3.8582658006705874,3131
4.0,3.337968064737066,3.7852391925182753,202
1.0,4.0920697741891905,5.309518371366642,3173
5.0,4.568379776886614,5.397651675501022,93
3.0,5.851559529663385,6.689853450006529,855
