{
  "ridge": {
    "mae": 3.7406874387844815,
    "rmse": 4.913080148316654
  },
  "hgb": {
    "mae": 1.490434386678379,
    "rmse": 2.3037852856421392
  },
  "train_rounds": [
    1,
    2,
    3,
    4,
    5,
    6,
    7,
    8,
    9,
    10,
    11,
    12,
    13,
    14,
    15,
    16
  ],
  "test_rounds": [
    17,
    18,
    19,
    20,
    21,
    22,
    23,
    24
  ]
}